ID.vars,cdna,classification,revisors
7:6013013_C/G,c.*17G>C,LBEN,TRUE
7:6013049_C/G,c.2570G>C,BEN,
7:6013083_C/T,c.2536G>A,VUS,
7:6013153_A/G,c.2466T>C,BEN,
7:6017220_G/A,c.2444C>T,PAT,
7:6017269_G/A,c.2395C>T,VUS,TRUE
7:6017284_G /A,c.2380C>T,VUS,
7:6017324_G/A,c.2340C>T,LBEN,TRUE
7:6017340_T/C,c.2324A>G,BEN,
7:6017523_A /G,c.2276-135T>C,BEN,
7:6018249_A/G,c.2253T>C,BEN,
7:6018314_TGA/T,c.2186_2187del,PAT,
7:6018318_AGT /C,c.2182_2184delinsG,PAT,TRUE
7:6022454_C/T,c.2174+1G>A,PAT,TRUE
7:6022480_C/T,c.2149G>A,LBEN,TRUE
7:6022492_G /A,c.2137C>T,LPAT,
7:6022516_C/T,c.2113G>A,PAT,TRUE
7:6022521_G /A,c.2108C>T,VUS,
7:6022536_A/T,c.2093T>A,VUS,TRUE
7:6022617_G/A,c.2012C>T,VUS,
7:6022626_C/T,c.2007-4G>A,BEN,
7:6022629_G/A,c.2007-7C>T,BEN,
7:6026384_C/T,c.2006+6G>A,BEN,
7:6026444_T/C,c.1952A>G,VUS,
7:6026514_G/A,c.1882C>T,PAT,TRUE
7:6026530_C/T,c.1866G>A,LBEN,TRUE
7:6026530_CAT/C,c.1864_1865del,PAT,TRUE
7:6026541_C/T,c.1855G>A,VUS,
7:6026590_G/A,c.1806C>T,LBEN,TRUE
7:6026598_T/C,c.1798A>G,VUS,TRUE
7:6026601_C/T,c.1795G>A,VUS,
7:6026607_T/A,c.1789A>T,LBEN,TRUE
7:6026625_A/G,c.1771T>C,VUS,TRUE
7:6026636_C/T,c.1760G>A,VUS,TRUE
7:6026656_T/C,c.1740A>G,LBEN,TRUE
7:6026664_G/A,c.1732C>T,VUS,TRUE
7:6026665_C/CT,c.1730dup,PAT,
7:6026667_T/C,c.1729A>G,VUS,
7:6026679_T/A,c.1717A>T,VUS,TRUE
7:6026682_C/T,c.1714G>A,VUS,TRUE
7:6026685_G/T,c.1711C>A,VUS,
7:6026707_TC/CT,c.1688_1689delinsAG,VUS,TRUE
7:6026708_C/A,c.1688G>T,BEN,TRUE
7:6026709_G/A,c.1687C>T,PAT,TRUE
7:6026740_A/G,c.1656T>C,LBEN,TRUE
7:6026775_T/C,c.1621A>G,BEN,
7:6026775_T/T,c.1621G>A,BEN,
7:6026827_G/C,c.1569C>G,LBEN,
7:6026829_A/T,c.1567T>A,VUS,TRUE
7:6026836_C /T,c.1560G>A,BEN,
7:6026837_G/A,c.1559C>T,VUS,TRUE
7:6026840_T/C,c.1556A>G,LBEN,
7:6026863_C/T,c.1533G>A,LBEN,
7:6026865_T/C,c.1531A>G,BEN,
7:6026908_G/A,c.1488C>T,BEN,TRUE
7:6026915_G/A,c.1481C>T,VUS,TRUE
7:6026942_G/T,c.1454C>A,BEN,
7:6026959_G/C,c.1437C>G,BEN,TRUE
7:6026988_G/A,c.1408C>T,BEN,
7:6027002_T/C,c.1394A>G,VUS,TRUE
7:6027017_C/T,c.1379G>A,VUS,TRUE
7:6027035_AG/GA,c.1360_1361delinsTC,VUS,TRUE
7:6027052_T/C,c.1344A>G,LBEN,
7:6027076_T /C,c.1320A>G,LBEN,
7:6027135_G/A,c.1261C>T,PAT,TRUE
7:6027156_C/CT,c.1239dup,PAT,TRUE
7:6027156_CT/C,c.1239del,PAT,TRUE
7:6027156_GTTT/G,c.1237_1239del,VSD,
7:6027157_TT/CC,c.1238_1239delinsGG,VUS,TRUE
7:6027191_T /C,c.1205A>G,VUS,
7:6027227_G /C,c.1169C>G,VUS,
7:6027248_T/A,c.1148A>T,VUS,TRUE
7:6027250_ACC/A,c.1145-1_1145del,PAT,TRUE
7:6029427_T/C,c.1144+4A>G,VUS,TRUE
7:6029429_A/C,c.1144+2T>G,LPAT,
7:6029571_T/C,c.1004A>G,VUS,TRUE
7:6029588_T/C,c.989-2A>G,PAT,
7:6029748_C /T,c.989-162G>A,BEN,
7:6031603_C /T,c.988+1G>A,LPAT,TRUE
7:6031631_C/T,c.961G>A,VUS,TRUE
7:6031649_G/A,c.943C>T,PAT,
7:6031658_T/C,c.934A>G,VUS,TRUE
7:6031660_T/C,c.932A>G,VUS,TRUE
7:6031668_C/G,c.924G>C,VUS,TRUE
7:6035021_C /A,c.903+144G>T,BEN,
7:6035154_A/T,c.903+11T>A,LBEN,
7:6035165_C/A,c.903G>T,PAT,
7:6035211_T/C,c.857A>G,VUS,TRUE
7:6035237_C /T,c.831G>A,LBEN,
7:6035245_G /A,c.823C>T,PAT,
7:6035265_C/T,c.804-1G>A,LPAT,
7:6035428_A /C,c.804-164T>G,BEN,
7:6035507_C /T,c.804-243G>A,BEN,
7:6036802_A /G,c.803+155T>C,BEN,
7:6036979_CG/C,c.780delC,PAT,
7:6036980_G/C,c.780C>G,BEN,
7:6037036_A/AAGGAATG,c.717_723dup,PAT,TRUE
7:6037055_C/A,c.706-1G>T,PAT,TRUE
7:6037057_GA/G,c.706-4del,BEN,
7:6037057_GAA/G,c.706-5_706-4del,BEN,TRUE
7:6038296_ACCTGGGCAACAGAGCAAGACTCCAGCTCAAAAAAAAAAAAAACCGGCCGGGCTTGGTGGCTCACACCTGTAATCCCAGCACTTTGGGAGGCCGAGGCTGGTGGATCACGAGGTCAGGAATTCGAGACCAGCCTGGCCAACACGGTGAAACCCCGTCTCTACTAAAGATACAAAAAATTAGCCTGGCGTAGTGGAGCATGCTTGTAATCCCACTACTCGGGAGGCTGAGGCAGGAGAATTGCTTGAATCTGGGAGGCGGAGGTTGCAGTGAGCCAAGACAACACCACTGCACTCCAGCCTGGGCAGCAGTGCGAGACTCCCTCTCAAAAAAAAAAAAAAAATCAATTCTAAGATTTTATTCTCCATTCTACTGGAAGGGACAATGGAAACCCGCTATAATCACTAGAGCAATAAGAGGCGTTGAAGTAACCGGCCATCACTACCTGCTTCTGCCCAAACACAGAGCCGATATTTTCCTTTATGCTGGGGCTTCCACCTGTGCATACCACAGGCTGTCGTTTTCCTTGTCCAAGCTGATTGGTGCAACTTACACGGATGCCTGCTGAAATGATACAGTATGCATGTAAGACCTGGACCATTTTGGCATACTCCTGTTTAAAAAACACAAACACAATATTCTACATTACTTTAATATTATAGGAATTACACAGCTCAAGTTACAACATCCAACGCAAGGTTCTCACATCATCGCACAAATCAAGGGAAGCACTGTTGACAGAATGATCTGTAAAGAGGTGTCTTCCTATATTCTACAGAAAGGAACGCAGAGCTTTTGGCTCCTGGTCACAGTCCTCTCACTTCCCAATGTGCCATGCATCCTGGTAAAACAACTAAAAAGTACAGCCTGTAATCCCAGCTACTCAGGAGGCTGAGGGCAGGAGGATCACTTGAGACCAGGAGTTCAAGACCAGCCTGGGCAACACAGCAAGACCCTGTCTCTACAAAAAATTTAAAAAAAAAATTAGCCGGGCGTCATGGCATGTGCCTGTAGTCACAGCTACTGAGGAGGCTGAGGTGGGAGGATCGCTTGAGCCTAGGAGTTCAAGGCTGCAGTGAGCCATGATTGCACCACTGCACTCCA/-,,PAT,
7:6038483_G /A,c.705+256C>T,BEN,
7:6038722_T/C,c.705+17A>G,BEN,
7:6038813_G/A,c.631C>T,PAT,
7:6038860_G/T,c.584C>A,LPAT,TRUE
7:6038909_G/C,c.538-3C>G,PAT,
7:6039129_T /C,c.538-223A>G,BEN,
7:6041897_T /C,c.537+187A>G,BEN,
7:6042237_C/T,c.384G>A,VUS,
7:6042522_C /T,c.354-255G>A,BEN,
7:6043112_C /T,c.353+209G>A,BEN,
7:6043319_A/G,c.353+2T>C,LPAT,
7:6043354_C/-,c.325del,PAT,
7:6043361_CA/C,c.312del,PAT,TRUE
7:6043386_G/A,c.288C>T,BEN,
7:6043602_C/G,c.250+1G>C,PAT,
7:6043673_G/C,c.180C>G,LBEN,
7:6043691_T/C,c.164-2A>G,PAT,
7:6045385_T /C,c.163+138A>G,BEN,
7:6045549_C/A,c.137G>T,PAT,
7:6045614_A/G,c.72T>C,VUS,
7:6045627_C/T,c.59G>A,BEN,
7:6045634_T/C,c.52A>G,LBEN,TRUE
7:6045664_T/C,c.24-2A>G,PAT,
7:6045881_C /T,c.24-219G>A,BEN,
7:6048556_G /A,c.23+72C>T,BEN,
7:6048618_C/G,c.23+10G>C,VUS,
7:6048650_T/C,c.1A>G,PAT,
7:6048654_T/C,c.-4A>G,LBEN,TRUE
